No,Product Type,Primary,On Primary,Secondary,On Secondary,Accent,On Accent,Background,Foreground,Card,Card Foreground,Muted,Muted Foreground,Border,Destructive,On Destructive,Ring,Notes
1,SaaS (General),#2563EB,#FFFFFF,#3B82F6,#FFFFFF,#EA580C,#FFFFFF,#F8FAFC,#1E293B,#FFFFFF,#1E293B,#E9EFF8,#64748B,#E2E8F0,#DC2626,#FFFFFF,#2563EB,Trust blue + orange CTA contrast [Accent adjusted from #F97316 for WCAG 3:1]
2,Micro SaaS,#6366F1,#FFFFFF,#818CF8,#0F172A,#059669,#FFFFFF,#F5F3FF,#1E1B4B,#FFFFFF,#1E1B4B,#EBEFF9,#64748B,#E0E7FF,#DC2626,#FFFFFF,#6366F1,Indigo primary + emerald CTA [Accent adjusted from #10B981 for WCAG 3:1]
3,E-commerce,#059669,#FFFFFF,#10B981,#0F172A,#EA580C,#FFFFFF,#ECFDF5,#064E3B,#FFFFFF,#064E3B,#E8F1F3,#64748B,#A7F3D0,#DC2626,#FFFFFF,#059669,Success green + urgency orange [Accent adjusted from #F97316 for WCAG 3:1]
4,E-commerce Luxury,#1C1917,#FFFFFF,#44403C,#FFFFFF,#A16207,#FFFFFF,#FAFAF9,#0C0A09,#FFFFFF,#0C0A09,#E8ECF0,#64748B,#D6D3D1,#DC2626,#FFFFFF,#1C1917,Premium dark + gold accent [Accent adjusted from #CA8A04 for WCAG 3:1]
5,B2B Service,#0F172A,#FFFFFF,#334155,#FFFFFF,#0369A1,#FFFFFF,#F8FAFC,#020617,#FFFFFF,#020617,#E8ECF1,#64748B,#E2E8F0,#DC2626,#FFFFFF,#0F172A,Professional navy + blue CTA
6,Financial Dashboard,#0F172A,#FFFFFF,#1E293B,#FFFFFF,#22C55E,#0F172A,#020617,#F8FAFC,#0E1223,#F8FAFC,#1A1E2F,#94A3B8,#334155,#EF4444,#FFFFFF,#0F172A,Dark bg + green positive indicators
7,Analytics Dashboard,#1E40AF,#FFFFFF,#3B82F6,#FFFFFF,#D97706,#FFFFFF,#F8FAFC,#1E3A8A,#FFFFFF,#1E3A8A,#E9EEF6,#64748B,#DBEAFE,#DC2626,#FFFFFF,#1E40AF,Blue data + amber highlights [Accent adjusted from #F59E0B for WCAG 3:1]
8,Healthcare App,#0891B2,#FFFFFF,#22D3EE,#0F172A,#059669,#FFFFFF,#ECFEFF,#164E63,#FFFFFF,#164E63,#E8F1F6,#64748B,#A5F3FC,#DC2626,#FFFFFF,#0891B2,Calm cyan + health green
9,Educational App,#4F46E5,#FFFFFF,#818CF8,#0F172A,#EA580C,#FFFFFF,#EEF2FF,#1E1B4B,#FFFFFF,#1E1B4B,#EBEEF8,#64748B,#C7D2FE,#DC2626,#FFFFFF,#4F46E5,Playful indigo + energetic orange [Accent adjusted from #F97316 for WCAG 3:1]
10,Creative Agency,#EC4899,#FFFFFF,#F472B6,#0F172A,#0891B2,#FFFFFF,#FDF2F8,#831843,#FFFFFF,#831843,#F1EEF5,#64748B,#FBCFE8,#DC2626,#FFFFFF,#EC4899,Bold pink + cyan accent [Accent adjusted from #06B6D4 for WCAG 3:1]
11,Portfolio/Personal,#18181B,#FFFFFF,#3F3F46,#FFFFFF,#2563EB,#FFFFFF,#FAFAFA,#09090B,#FFFFFF,#09090B,#E8ECF0,#64748B,#E4E4E7,#DC2626,#FFFFFF,#18181B,Monochrome + blue accent
12,Gaming,#7C3AED,#FFFFFF,#A78BFA,#0F172A,#F43F5E,#FFFFFF,#0F0F23,#E2E8F0,#1E1C35,#E2E8F0,#27273B,#94A3B8,#4C1D95,#EF4444,#FFFFFF,#7C3AED,Neon purple + rose action
13,Government/Public Service,#0F172A,#FFFFFF,#334155,#FFFFFF,#0369A1,#FFFFFF,#F8FAFC,#020617,#FFFFFF,#020617,#E8ECF1,#64748B,#E2E8F0,#DC2626,#FFFFFF,#0F172A,High contrast navy + blue
14,Fintech/Crypto,#F59E0B,#0F172A,#FBBF24,#0F172A,#8B5CF6,#FFFFFF,#0F172A,#F8FAFC,#222735,#F8FAFC,#272F42,#94A3B8,#334155,#EF4444,#FFFFFF,#F59E0B,Gold trust + purple tech
15,Social Media App,#E11D48,#FFFFFF,#FB7185,#0F172A,#2563EB,#FFFFFF,#FFF1F2,#881337,#FFFFFF,#881337,#F0ECF2,#64748B,#FECDD3,#DC2626,#FFFFFF,#E11D48,Vibrant rose + engagement blue
16,Productivity Tool,#0D9488,#FFFFFF,#14B8A6,#0F172A,#EA580C,#FFFFFF,#F0FDFA,#134E4A,#FFFFFF,#134E4A,#E8F1F4,#64748B,#99F6E4,#DC2626,#FFFFFF,#0D9488,Teal focus + action orange [Accent adjusted from #F97316 for WCAG 3:1]
17,Design System/Component Library,#4F46E5,#FFFFFF,#6366F1,#FFFFFF,#EA580C,#FFFFFF,#EEF2FF,#312E81,#FFFFFF,#312E81,#EBEEF8,#64748B,#C7D2FE,#DC2626,#FFFFFF,#4F46E5,Indigo brand + doc hierarchy [Accent adjusted from #F97316 for WCAG 3:1]
18,AI/Chatbot Platform,#7C3AED,#FFFFFF,#A78BFA,#0F172A,#0891B2,#FFFFFF,#FAF5FF,#1E1B4B,#FFFFFF,#1E1B4B,#ECEEF9,#64748B,#DDD6FE,#DC2626,#FFFFFF,#7C3AED,AI purple + cyan interactions [Accent adjusted from #06B6D4 for WCAG 3:1]
19,NFT/Web3 Platform,#8B5CF6,#FFFFFF,#A78BFA,#0F172A,#FBBF24,#0F172A,#0F0F23,#F8FAFC,#1E1D35,#F8FAFC,#27273B,#94A3B8,#4C1D95,#EF4444,#FFFFFF,#8B5CF6,Purple tech + gold value
20,Creator Economy Platform,#EC4899,#FFFFFF,#F472B6,#0F172A,#EA580C,#FFFFFF,#FDF2F8,#831843,#FFFFFF,#831843,#F1EEF5,#64748B,#FBCFE8,#DC2626,#FFFFFF,#EC4899,Creator pink + engagement orange [Accent adjusted from #F97316 for WCAG 3:1]
21,Remote Work/Collaboration Tool,#6366F1,#FFFFFF,#818CF8,#0F172A,#059669,#FFFFFF,#F5F3FF,#312E81,#FFFFFF,#312E81,#EBEFF9,#64748B,#E0E7FF,#DC2626,#FFFFFF,#6366F1,Calm indigo + success green [Accent adjusted from #10B981 for WCAG 3:1]
22,Mental Health App,#8B5CF6,#FFFFFF,#C4B5FD,#0F172A,#059669,#FFFFFF,#FAF5FF,#4C1D95,#FFFFFF,#4C1D95,#EDEFF9,#64748B,#EDE9FE,#DC2626,#FFFFFF,#8B5CF6,Calming lavender + wellness green [Accent adjusted from #10B981 for WCAG 3:1]
23,Pet Tech App,#F97316,#0F172A,#FB923C,#0F172A,#2563EB,#FFFFFF,#FFF7ED,#9A3412,#FFFFFF,#9A3412,#F1F0F0,#64748B,#FED7AA,#DC2626,#FFFFFF,#F97316,Playful orange + trust blue
24,Smart Home/IoT Dashboard,#1E293B,#FFFFFF,#334155,#FFFFFF,#22C55E,#0F172A,#0F172A,#F8FAFC,#1B2336,#F8FAFC,#272F42,#94A3B8,#475569,#EF4444,#FFFFFF,#1E293B,Dark tech + status green
25,EV/Charging Ecosystem,#0891B2,#FFFFFF,#22D3EE,#0F172A,#16A34A,#FFFFFF,#ECFEFF,#164E63,#FFFFFF,#164E63,#E8F1F6,#64748B,#A5F3FC,#DC2626,#FFFFFF,#0891B2,Electric cyan + eco green [Accent adjusted from #22C55E for WCAG 3:1]
26,Subscription Box Service,#D946EF,#FFFFFF,#E879F9,#0F172A,#EA580C,#FFFFFF,#FDF4FF,#86198F,#FFFFFF,#86198F,#F0EEF9,#64748B,#F5D0FE,#DC2626,#FFFFFF,#D946EF,Excitement purple + urgency orange [Accent adjusted from #F97316 for WCAG 3:1]
27,Podcast Platform,#1E1B4B,#FFFFFF,#312E81,#FFFFFF,#F97316,#0F172A,#0F0F23,#F8FAFC,#1B1B30,#F8FAFC,#27273B,#94A3B8,#4338CA,#EF4444,#FFFFFF,#1E1B4B,Dark audio + warm accent
28,Dating App,#E11D48,#FFFFFF,#FB7185,#0F172A,#EA580C,#FFFFFF,#FFF1F2,#881337,#FFFFFF,#881337,#F0ECF2,#64748B,#FECDD3,#DC2626,#FFFFFF,#E11D48,Romantic rose + warm orange [Accent adjusted from #F97316 for WCAG 3:1]
29,Micro-Credentials/Badges Platform,#0369A1,#FFFFFF,#0EA5E9,#0F172A,#A16207,#FFFFFF,#F0F9FF,#0C4A6E,#FFFFFF,#0C4A6E,#E7EFF5,#64748B,#BAE6FD,#DC2626,#FFFFFF,#0369A1,Trust blue + achievement gold [Accent adjusted from #CA8A04 for WCAG 3:1]
30,Knowledge Base/Documentation,#475569,#FFFFFF,#64748B,#FFFFFF,#2563EB,#FFFFFF,#F8FAFC,#1E293B,#FFFFFF,#1E293B,#EAEFF3,#64748B,#E2E8F0,#DC2626,#FFFFFF,#475569,Neutral grey + link blue
31,Hyperlocal Services,#059669,#FFFFFF,#10B981,#0F172A,#EA580C,#FFFFFF,#ECFDF5,#064E3B,#FFFFFF,#064E3B,#E8F1F3,#64748B,#A7F3D0,#DC2626,#FFFFFF,#059669,Location green + action orange [Accent adjusted from #F97316 for WCAG 3:1]
32,Beauty/Spa/Wellness Service,#EC4899,#FFFFFF,#F9A8D4,#0F172A,#8B5CF6,#FFFFFF,#FDF2F8,#831843,#FFFFFF,#831843,#F1EEF5,#64748B,#FBCFE8,#DC2626,#FFFFFF,#EC4899,Soft pink + lavender luxury
33,Luxury/Premium Brand,#1C1917,#FFFFFF,#44403C,#FFFFFF,#A16207,#FFFFFF,#FAFAF9,#0C0A09,#FFFFFF,#0C0A09,#E8ECF0,#64748B,#D6D3D1,#DC2626,#FFFFFF,#1C1917,Premium black + gold accent [Accent adjusted from #CA8A04 for WCAG 3:1]
34,Restaurant/Food Service,#DC2626,#FFFFFF,#F87171,#0F172A,#A16207,#FFFFFF,#FEF2F2,#450A0A,#FFFFFF,#450A0A,#F0EDF1,#64748B,#FECACA,#DC2626,#FFFFFF,#DC2626,Appetizing red + warm gold [Accent adjusted from #CA8A04 for WCAG 3:1]
35,Fitness/Gym App,#F97316,#0F172A,#FB923C,#0F172A,#22C55E,#0F172A,#1F2937,#F8FAFC,#313742,#F8FAFC,#37414F,#94A3B8,#374151,#EF4444,#FFFFFF,#F97316,Energy orange + success green
36,Real Estate/Property,#0F766E,#FFFFFF,#14B8A6,#0F172A,#0369A1,#FFFFFF,#F0FDFA,#134E4A,#FFFFFF,#134E4A,#E8F0F3,#64748B,#99F6E4,#DC2626,#FFFFFF,#0F766E,Trust teal + professional blue
37,Travel/Tourism Agency,#0EA5E9,#0F172A,#38BDF8,#0F172A,#EA580C,#FFFFFF,#F0F9FF,#0C4A6E,#FFFFFF,#0C4A6E,#E8F2F8,#64748B,#BAE6FD,#DC2626,#FFFFFF,#0EA5E9,Sky blue + adventure orange [Accent adjusted from #F97316 for WCAG 3:1]
38,Hotel/Hospitality,#1E3A8A,#FFFFFF,#3B82F6,#FFFFFF,#A16207,#FFFFFF,#F8FAFC,#1E40AF,#FFFFFF,#1E40AF,#E9EEF5,#64748B,#BFDBFE,#DC2626,#FFFFFF,#1E3A8A,Luxury navy + gold service [Accent adjusted from #CA8A04 for WCAG 3:1]
39,Wedding/Event Planning,#DB2777,#FFFFFF,#F472B6,#0F172A,#A16207,#FFFFFF,#FDF2F8,#831843,#FFFFFF,#831843,#F0EDF4,#64748B,#FBCFE8,#DC2626,#FFFFFF,#DB2777,Romantic pink + elegant gold [Accent adjus